,Accuracy,AUC,Precision,Recall,F1,MCC
Logistic Regression,1.0,1.0,1.0,1.0,1.0,1.0
Decision Tree,1.0,1.0,1.0,1.0,1.0,1.0
KNN,1.0,1.0,1.0,1.0,1.0,1.0
Naive Bayes,1.0,1.0,1.0,1.0,1.0,1.0
Random Forest,1.0,1.0,1.0,1.0,1.0,1.0
XGBoost,0.9958333333333333,1.0,0.9958847736625515,0.9958333333333333,0.9958331705665586,0.9937758799171886
